{
    "map": [
        [
            0.7
        ], 
        [
            0.5128
        ], 
        [
            0.3448
        ], 
        [
            0.2352
        ], 
        [
            0.15380000000000002
        ], 
        [
            0.125
        ], 
        [
            0.1
        ], 
        [
            0.08
        ], 
        [
            0.075
        ], 
        [
            0.06
        ], 
        [
            0.1176
        ], 
        [
            0.07690000000000001
        ], 
        [
            0.0625
        ], 
        [
            0.02
        ], 
        [
            0.003
        ]
    ], 
    "name": "Green Armor",
    "lvl_map": {
        "11": 5, 
        "10": 4, 
        "13": 7, 
        "12": 6, 
        "15": 9, 
        "14": 8, 
        "DUO": 11, 
        "TRI": 12, 
        "PRI": 10, 
        "PEN": 14, 
        "7": 1, 
        "6": 0, 
        "9": 3, 
        "8": 2, 
        "TET": 13
    }
}